Jon West,Personal Loan,20-12-2019,50000,500000
Jin Patel,Car Loan,4/10/2019,45000,500000
Tim Freeman,Gold Loan,15-09-2019,27000,400000
Steve,Home Loan,21-11-2019,29000,700000
Joseph,Agricultural Loan,20-12-2019,50000,500000
Russell,Financial Loan,4/10/2019,20000,500000
Amy,Vehicle Loan,15-08-2019,30000,400000
Brian,Agricultural Loan,21-12-2019,23000,700000
Joey,Financial Loan,20-07-2019,50000,1000000
Justin,Gold Loan,4/10/2019,20000,500000
Matthew,Home Loan,20-12-2019,30000,400000
Marlene,Vehicle Loan,21-09-2019,29000,700000
Aditi,Financial Loan,20-12-2019,27000,400000
Dora Jan,Home Loan,4/10/2019,29000,700000
Lucia,Agricultural Loan,24-07-2019,50000,500000
Ruben,Home Loan,21-11-2019,20000,500000
Jayden Browne,Car Loan,15-08-2019,30000,400000
Roshni Wang,Gold Loan,21-12-2019,23000,700000
Adina Doyle,Home Loan,20-07-2019,50000,1000000
Orson Velasquez,Agricultural Loan,4/10/2019,20000,500000
Jeanette Hoover,Financial Loan,20-12-2019,30000,400000
Corbin Heath,Vehicle Loan,21-09-2019,29000,700000
Yisroel Morse,Agricultural Loan,20-12-2019,50000,500000
Connie Shah,Financial Loan,4/10/2019,30000,400000
Clare Le,Gold Loan,20-07-2019,23000,700000
Malachi Lucas,Home Loan,20-07-2019,50000,1000000
Abdurahman Burch,Car Loan,4/10/2019,20000,500000
Aaminah Farmer,Gold Loan,20-12-2019,30000,400000
Maleeha Heaton,Home Loan,21-09-2019,29000,700000
Hunter Huff,Agricultural Loan,20-12-2019,50000,500000
Nancie Hills,Financial Loan,4/10/2019,50000,1000000
Mateo Swanson,Vehicle Loan,24-07-2019,20000,500000
Nathalie Freeman,Agricultural Loan,21-11-2019,30000,400000
Nimrah Howard,Financial Loan,15-08-2019,50000,1000000
Samuel Henry,Gold Loan,21-12-2019,20000,100000
Geoffrey Horn,Home Loan,20-07-2019,30000,400000
